{
  "lang":"en",
  "name":"pipeline",
  "version":"0.0.0",
  "spacy_version":">=3.8.5,<3.9.0",
  "description":"",
  "author":"",
  "email":"",
  "url":"",
  "license":"",
  "spacy_git_version":"d0c705c",
  "vectors":{
    "width":0,
    "vectors":0,
    "keys":0,
    "name":null,
    "mode":"default"
  },
  "labels":{
    "transformer":[

    ],
    "ner":[
      "EMAIL",
      "LOC",
      "PERSON",
      "PHONE",
      "SKILL"
    ]
  },
  "pipeline":[
    "transformer",
    "ner"
  ],
  "components":[
    "transformer",
    "ner"
  ],
  "disabled":[

  ],
  "performance":{
    "ents_f":0.6552469469,
    "ents_p":0.6816955251,
    "ents_r":0.6307740325,
    "ents_per_type":{
      "EMAIL":{
        "p":0.96,
        "r":0.9809264305,
        "f":0.9703504043
      },
      "PHONE":{
        "p":0.9342857143,
        "r":0.9134078212,
        "f":0.9237288136
      },
      "LOC":{
        "p":0.5420875421,
        "r":0.62890625,
        "f":0.582278481
      },
      "SKILL":{
        "p":0.6553902856,
        "r":0.5951470237,
        "f":0.6238175781
      },
      "PERSON":{
        "p":0.8581818182,
        "r":0.8905660377,
        "f":0.8740740741
      }
    },
    "transformer_loss":1218.3818555879,
    "ner_loss":3055.5830078125
  }
}